{"cameraMode":{"drawMode":0,"name":"Shaded","section":"Shading Mode"},"sceneLighting":false,"audioPlay":false,"sceneViewState":{"m_AlwaysRefresh":false,"showFog":true,"showSkybox":false,"showFlares":true,"showImageEffects":true,"showParticleSystems":true,"showVisualEffectGraphs":true,"m_FxEnabled":true},"in2DMode":false,"pivot":{"x":0.011675536632537842,"y":0.6429719924926758,"z":-1.601874828338623e-7},"rotation":{"x":-0.014172518625855446,"y":0.9849656224250794,"z":-0.14162896573543549,"w":-0.09874128550291062},"size":0.7550140023231506,"orthographic":false}